Effet_Maroc,Prix_Final_MAD,Indice_Demande
Autres,465.829423929099,45.86262924667651
Maroc,689.7503405572755,91.20433436532508
