Ville,Prix_Final_MAD,Indice_Demande
Rabat,584.4285714285714,68.8030303030303
Tanger,576.8573333333334,56.53333333333333
Casablanca,576.2458695652174,58.30434782608695
Agadir,411.2481333333333,50.61333333333334
Marrakech,373.68609195402297,48.298850574712645
Fès,369.6436206896552,43.12068965517241
