Jour_Semaine,Indice_Demande
Lundi,59.06060606060606
Mardi,58.40963855421687
Mercredi,62.42342342342342
Jeudi,56.64485981308411
Vendredi,59.525925925925925
Samedi,62.520161290322584
Dimanche,60.924
