Categorie,min,mean,median,max
Cat 1,277.39,863.3980592105263,657.33,3319.41
Cat 2,196.74,487.4561904761905,394.73,1434.41
Cat 3,97.32,282.15708556149735,201.925,1040.75
VIP,1555.77,2372.488571428571,2391.5,3826.52
